Evaluacion_ID,Pregunta_ID,Modulo,Tipo_Relacion,Nivel,Pregunta,Respuesta_1,Respuesta_2,Respuesta_3,Respuesta_4,Respuesta_Correcta
Patologias_Sintomas_Patologia_Nivel 1_0002,PAT_00118,Patologias,Sintomas_Patologia,Nivel 1,Una persona presenta señales como Dificultad para lograr embarazo; planificación del embarazo; ciclos menstruales irregulares; antecedentes de infertilidad; fatiga o deficiencias nutricionales; diagnóstico de baja reserva ovárica o alteraciones ovulatorias; antecedentes de aborto temprano; deseo de optimizar el estado nutricional antes de la concepción.. ¿Con cuál de las siguientes patologías se relacionan?,Ciática / Lumbalgia,Perimenopausia / Menopausia,Artritis inflamatoria,Apoyo a la salud reproductiva femenina y planificación del embarazo,4
Patologias_Sintomas_Patologia_Nivel 1_0002,PAT_00083,Patologias,Sintomas_Patologia,Nivel 1,Una persona presenta señales como Disminución de densidad; entradas; afinamiento; caída difusa; picazón/caspa; cuero cabelludo sensible; cambios en uñas; fatiga.. ¿Con cuál de las siguientes patologías se relacionan?,Insomnio,Caída de cabello (Alopecia),Quistes ováricos funcionales,Fibromialgia,2
Patologias_Sintomas_Patologia_Nivel 1_0002,PAT_00095,Patologias,Sintomas_Patologia,Nivel 1,Una persona presenta señales como Disminución de la libido; fatiga persistente; pérdida de fuerza; disminución de masa muscular; recuperación lenta después del ejercicio; menor rendimiento físico; aumento de grasa abdominal; disminución de la motivación o vitalidad; erecciones matutinas menos frecuentes.. ¿Con cuál de las siguientes patologías se relacionan?,Vitalidad masculina y apoyo hormonal (Hipogonadismo / Deficiencia de testosterona*),Quistes ováricos funcionales,Endometriosis,Perimenopausia / Menopausia,1
Patologias_Sintomas_Patologia_Nivel 1_0002,PAT_00159,Patologias,Sintomas_Patologia,Nivel 1,Una persona presenta señales como Dolor en el talón al dar los primeros pasos; dolor después de periodos de descanso; sensibilidad al apoyar; molestia al caminar; rigidez en la planta del pie.. ¿Con cuál de las siguientes patologías se relacionan?,Vitalidad masculina y apoyo hormonal (Hipogonadismo / Deficiencia de testosterona*),Perimenopausia / Menopausia,Ciática / Lumbalgia,Espolón calcáneo / dolor de talón (fascitis plantar asociada),4
Patologias_Sintomas_Patologia_Nivel 1_0002,PAT_00125,Patologias,Sintomas_Patologia,Nivel 1,Una persona presenta señales como Dolor pélvico unilateral; sensación de presión o pesadez en la pelvis; dolor durante las relaciones sexuales; alteraciones del ciclo menstrual; distensión abdominal; en muchos casos ausencia de síntomas.. ¿Con cuál de las siguientes patologías se relacionan?,Quistes ováricos funcionales,Artritis inflamatoria,"Dolor muscular, contracturas y molestias musculoesqueléticas localizadas",Varicocele (Apoyo a la salud vascular y reproductiva masculina),1
Patologias_Sintomas_Patologia_Nivel 1_0002,PAT_00147,Patologias,Sintomas_Patologia,Nivel 1,Una persona presenta señales como Dolor lumbar; dolor que baja hacia glúteo o pierna; sensación de tirón; rigidez de espalda; dificultad para moverse; molestias después de permanecer mucho tiempo sentado o de pie.. ¿Con cuál de las siguientes patologías se relacionan?,Disfunción sexual masculina / Dificultad para la erección,Ciática / Lumbalgia,Síndrome de Ovario Poliquístico (SOP),Bienestar íntimo femenino y función sexual,2
Patologias_Sintomas_Patologia_Nivel 1_0002,PAT_00140,Patologias,Sintomas_Patologia,Nivel 1,"Una persona presenta señales como Dolor en rodillas, cadera, manos o columna; rigidez después del reposo; dificultad para movilizar la articulación; crujidos o sensación de roce; disminución de movilidad; molestias que aumentan con el uso de la articulación.. ¿Con cuál de las siguientes patologías se relacionan?",Espolón calcáneo / dolor de talón (fascitis plantar asociada),Artritis inflamatoria,Salud prostática / Molestias prostáticas,Artrosis (desgaste articular / osteoartritis),4
Patologias_Sintomas_Patologia_Nivel 1_0002,PAT_00086,Patologias,Sintomas_Patologia,Nivel 1,Una persona presenta señales como Chorro débil; aumento de la frecuencia urinaria; levantarse varias veces en la noche; dificultad para iniciar la micción; sensación de vaciamiento incompleto; goteo postmiccional; ardor al orinar; dolor pélvico; dolor al eyacular; disminución de la libido; dificultad para lograr o mantener la erección.. ¿Con cuál de las siguientes patologías se relacionan?,Fibromialgia,Salud prostática / Molestias prostáticas,Control glucémico (Diabetes mellitus tipo 2 / Prediabetes),Varicocele (Apoyo a la salud vascular y reproductiva masculina),2
Patologias_Sintomas_Patologia_Nivel 1_0002,PAT_00141,Patologias,Sintomas_Patologia,Nivel 1,Una persona presenta señales como Dolor articular; inflamación visible; articulaciones calientes o sensibles; rigidez prolongada especialmente al despertar; dificultad para mover la articulación; fatiga asociada; molestias en varias articulaciones.. ¿Con cuál de las siguientes patologías se relacionan?,Artritis inflamatoria,Apoyo a la salud reproductiva femenina y planificación del embarazo,Insomnio,Control glucémico (Diabetes mellitus tipo 2 / Prediabetes),1
